rsrp,main_path_delay,strongest_angle
-71.1527,19.1355,43.8868
-64.3841,19.3621,30.0265
-67.3415,18.6633,42.8304
-69.0729,21.1615,56.6356
-64.7469,20.5525,37.6168
-78.1173,21.2317,58.1108
-69.6667,19.4684,50.3178
-81.6284,18.4386,49.9036
-63.0128,18.7969,48.7660
-68.0143,23.9116,33.8678
-65.4540,12.4274,18.8005
-74.8551,15.4209,53.7601
-64.6859,13.9046,53.4736
-78.0176,19.5688,42.0610
-69.0846,24.0932,51.3841
-67.2009,23.2497,49.7849
-75.0159,16.4131,40.3003
-66.0054,18.7494,68.3575
-76.5543,14.5056,52.6847
-58.6252,22.5285,53.3582
-58.5892,19.5299,30.7704
-74.2566,24.7645,30.5632
-69.7317,21.2662,41.8441
-64.2109,22.9039,68.2141
-65.0403,16.9530,39.3820
-76.6526,24.7614,39.3317
-70.5621,23.7465,37.7654
-72.3493,10.7936,34.1752
-74.5419,22.0788,56.9349
-70.1477,21.3068,46.6797
-61.3221,24.4668,47.7369
-78.0876,24.5169,48.8105
-60.1845,19.8505,64.5310
-72.8710,27.9653,46.1512
-74.1302,14.3578,43.4897
-58.6134,24.0819,51.8888
-89.0070,23.5548,50.5585
-74.3994,16.8631,44.9769
-56.2010,14.7245,40.7219
-59.1057,17.7692,41.3575
-69.2178,13.7936,47.1995
-79.6769,24.4260,45.0318
-51.7325,21.4042,58.6569
-80.4261,19.3893,48.2315
-56.0342,11.5954,54.9062
-65.2692,27.6677,52.1239
-69.5834,17.3918,32.5182
-68.4366,19.0415,65.2027
-74.8882,21.6020,29.3100
-73.1637,21.3057,53.2396
-58.4152,19.7793,33.8276
-66.3372,22.5849,49.9166
-75.6023,25.6669,45.8790
-64.4014,26.3704,51.0927
-67.7079,30.7640,47.4370
-72.3677,20.5598,59.8277
-69.0503,22.5969,56.9573
-74.1029,11.3672,47.9942
-68.1621,16.9599,53.7109
-65.1395,15.0250,50.1822
-71.5688,12.5849,49.5295
-70.3617,16.2736,50.2295
-66.0953,17.1123,49.0035
-61.8795,16.4367,48.8089
-69.9780,31.3301,26.3770
-64.4377,18.4688,43.9980
-54.7873,19.9571,67.4094
-73.5372,21.7526,40.0915
-75.5255,20.3124,42.1743
-68.3801,9.4749,65.0247
-71.3360,28.7145,34.9289
-67.6597,35.8247,36.3027
-81.9624,17.2675,49.7249
-64.4533,26.4518,42.4299
-82.8180,17.8249,57.4022
-66.2747,10.2153,44.6495
-58.8147,30.6327,50.6169
-67.5256,13.7990,36.5676
-69.6247,22.5160,50.8018
-73.8257,14.2403,37.2222
-79.2558,23.2170,21.8772
-72.6662,22.2494,60.2201
-69.4296,25.0064,41.0100
-75.9552,16.6280,60.2734
-62.0462,22.4370,78.3027
-70.2587,23.1017,48.0759
-71.7751,31.5809,60.0660
-81.1958,18.0008,49.2834
-63.7345,13.2578,22.4444
-85.2509,19.6444,43.9680
-67.2382,16.1516,32.7576
-86.1844,21.6459,48.7005
-62.0561,23.9540,43.0928
-59.2059,19.3182,38.3916
-74.1646,17.0759,23.3426
-68.7494,21.2494,41.3773
-75.7107,21.8590,62.1687
-69.6940,17.4618,39.0855
-70.5581,13.6762,43.7474
-69.5105,29.2234,54.4347
-61.7278,16.4353,51.6992
-79.1151,21.5598,49.1874
-76.1313,29.9969,50.6737
-85.2218,22.7643,40.9259
-69.9890,22.3288,48.9053
-86.3132,14.2084,52.7262
-59.5904,29.5158,63.0317
-86.4443,23.8474,25.8371
-57.0912,21.2667,33.5883
-53.9208,23.2199,26.0885
-67.6523,16.3443,46.1130
-73.7216,26.8675,30.7671
-67.4608,29.0709,36.7304
-68.3148,21.0100,38.1030
-64.8169,20.4853,35.5623
-55.9039,23.9581,43.3289
-75.0934,16.0782,57.3094
-71.1718,22.2972,43.1554
-65.0687,19.4201,52.6385
-71.4657,24.1479,51.7238
-70.9329,15.7011,35.5988
-75.9259,15.0776,53.6580
-70.3728,27.8505,67.7933
-69.8062,12.2599,41.1855
-70.6028,12.5578,42.4951
-67.7044,17.7029,37.3157
-76.0701,28.9334,43.4035
-76.6394,18.1355,54.5434
-75.4775,22.4092,52.2788
-64.0071,26.9985,39.4952
-60.9381,16.0357,41.0346
-60.4313,24.1119,45.0210
-79.5313,22.8083,38.6963
-77.3911,16.7593,47.4649
-86.9683,21.8038,46.7391
-74.6762,25.1846,51.1144
-74.8503,16.6499,51.9515
-82.1286,18.3369,38.6895
-69.4410,21.0556,45.3679
-60.9212,21.1403,41.8501
-79.6868,23.6092,50.2815
-58.3935,16.2627,45.2642
-70.4695,19.5619,45.1039
-83.7163,24.1249,51.5321
-60.9562,31.2479,41.8103
-70.2891,20.0489,64.4219
-83.8498,22.4288,30.2917
-90.6526,9.8958,31.1823
-61.4478,15.6582,42.7254
-79.3081,23.0548,33.9804
-59.4588,15.0345,37.3517
-69.0181,20.1236,59.2469
-69.0367,13.9608,39.3966
-74.5823,23.6252,48.8379
-70.9551,24.3480,39.7150
-71.0899,20.9038,60.2818
-70.7883,18.2460,34.5416
-64.5116,17.0618,48.4369
-85.2129,25.2159,31.6806
-76.2187,25.2929,31.6553
-70.6356,20.3713,35.0144
-59.2565,27.4939,25.2838
-81.5919,24.0412,31.9698
-73.1091,20.6478,51.9185
-71.7860,20.4761,37.2327
-59.6611,17.5234,48.3973
-74.0931,20.5316,43.3184
-71.2997,14.9311,52.9641
-58.6877,21.2157,52.3234
-63.2955,24.6399,48.0336
-68.3019,24.3200,45.6883
-77.7913,20.1192,26.1158
-70.0472,22.0669,57.3598
-68.7898,24.6407,44.9946
-78.1878,12.9431,35.3027
-80.9292,23.1685,42.9239
-65.4375,20.3672,55.4405
-61.5185,16.7733,42.2568
-74.2626,11.8934,51.7522
-60.4896,19.9679,40.0681
-61.2728,8.2752,46.7748
-68.8537,17.1457,58.9157
-62.2341,18.6942,44.1330
-73.1042,17.4394,31.9180
-58.9604,25.1400,52.9817
-78.7547,30.4042,64.8017
-68.4955,15.4789,36.3357
-66.6516,15.4349,44.6579
-61.2908,12.4659,65.0573
-57.4663,13.8146,30.8636
-72.2674,14.8443,42.3628
-90.6495,18.8565,63.0286
-78.9328,18.6347,30.1039
-64.8941,18.8734,64.4073
-68.3453,18.1391,50.5027
-74.0498,13.3035,48.0195
-71.3990,20.8316,48.7546
-74.0826,22.1079,62.3770
-78.8624,28.6871,42.5720
-76.1330,32.1361,46.5502
-59.0368,24.0880,28.1941
-69.0334,17.3734,31.5821
-84.1737,20.5115,50.9025
-66.8747,18.4709,37.0148
-77.8949,17.2242,34.6694
-71.6262,19.8856,36.0401
-71.8564,16.1984,44.9553
-65.9433,20.8906,49.7215
-83.2161,18.1065,47.7674
-64.8707,12.0100,46.5918
-60.3486,19.1069,44.0524
-66.3963,21.2356,51.7464
-69.4207,20.7625,37.1756
-71.3635,26.2656,42.9583
-71.3485,17.5425,52.8719
-76.8374,24.5525,35.6303
-78.4622,21.0297,46.3018
-67.6195,25.3127,40.8750
-66.4561,15.4509,57.5917
-64.9403,22.6826,46.8788
-76.2848,18.3631,50.0178
-70.1535,20.6187,31.4018
-68.5512,16.5404,34.1666
-71.2375,10.7175,51.9857
-63.1839,19.7328,35.0622
-77.5630,19.2444,20.7627
-68.5562,23.3222,41.8811
-73.9552,20.9098,48.5064
-61.2468,20.0920,38.1024
-73.6901,20.9097,60.5620
-72.5622,14.7374,36.2989
-86.7707,21.6490,31.3868
-79.8681,10.1199,33.8201
-65.4527,13.4432,27.5036
-68.5739,18.2941,49.3219
-64.0755,19.9575,32.0224
-70.9904,22.5013,39.1701
-81.4997,25.5131,40.8475
-73.2738,20.0798,55.3047
-67.8910,18.3339,51.8213
-52.8238,26.9389,51.7287
-78.9782,38.7603,33.0134
-72.9744,16.5006,61.2689
-66.6381,12.8644,47.6759
-65.6248,18.4076,32.7981
-75.8003,17.8158,45.2273
-74.1593,23.6761,35.5005
-83.8511,16.3030,58.4889
-74.5853,31.7040,49.9148
-79.3154,15.8286,47.4337
-79.4212,31.8729,35.0911
-64.5525,27.3006,43.9080
-77.9669,18.6347,48.6222
-62.9940,20.2836,30.9978
-69.6614,16.6332,23.1676
-75.5805,12.8377,50.8685
-54.4467,29.2938,39.2679
-73.7392,23.4439,55.6129
-73.3499,19.2868,67.0693
-70.8596,17.5734,46.1991
-65.3624,14.8918,42.5160
-79.3309,18.6087,63.7692
-64.0662,19.5373,35.6689
-72.4913,25.2537,39.3831
-58.3966,13.1318,42.0995
-56.0579,9.9608,56.8841
-84.8110,19.5496,43.2747
-63.4057,4.2273,25.8219
-74.5281,20.1845,36.0678
-71.7669,14.0691,40.9873
-76.7741,21.2201,50.8142
-58.5366,16.7179,41.8201
-69.6180,18.5254,44.4801
-82.4974,21.8588,35.8481
-77.6557,12.0594,56.6100
-71.1249,25.7475,47.7230
-83.6269,14.5815,52.5793
-76.1255,14.5483,43.2062
-71.4157,14.9407,41.7385
-73.8279,7.0501,50.0266
-76.4910,26.5222,33.4988
-82.6368,25.9381,29.1494
-75.0894,22.9867,41.7035
-83.2438,20.9402,43.0568
-59.7292,22.9432,75.3571
-83.1672,19.8916,34.3335
-60.7620,24.1092,52.5404
-76.2187,16.2742,24.7032
-56.3240,22.5411,42.3914
-62.5319,23.7546,54.7526
-82.9883,16.4308,46.9544
-67.1566,24.7862,34.9136
-68.9823,31.0268,51.9192
-63.0355,19.9041,52.6763
-55.5681,20.5332,57.2398
-77.0011,22.9505,54.0422
-76.0160,25.4906,38.2475
-76.4419,19.9940,64.3199
-67.5268,24.6789,37.6820
-69.3800,14.1172,39.2889
-63.3149,19.8080,59.5130
-71.6193,19.0103,57.7668
-75.1889,12.4012,58.0128
-66.6865,9.1740,45.4453
-73.2303,28.7242,37.7101
-74.6461,15.4480,34.4594
-75.6040,12.8204,34.6880
-82.8527,12.5136,29.4032
-74.1693,16.5816,32.7353
-66.1738,19.7596,40.6802
-73.7118,27.9644,47.3981
-66.1970,7.0698,38.4627
-87.3681,17.8690,48.7331
-75.3944,22.5930,34.7725
-65.3936,12.2320,42.3831
-66.6415,22.6796,43.7274
-54.4823,17.9279,40.4900
-92.0761,28.8447,41.3100
-79.4081,26.6045,57.3551
-69.1334,12.8254,49.1898
-74.9711,14.1461,55.4337
-87.0607,22.8358,49.5936
-53.5919,21.6259,24.4157
-76.6890,20.3233,48.5556
-62.1535,10.2016,41.7005
-62.2411,27.7198,63.6102
-73.1218,25.4880,62.1171
-60.4154,23.6184,53.2780
-76.3191,12.7638,54.8285
-72.7765,19.8593,39.2128
-73.1433,21.1637,34.7814
-69.4520,21.2303,44.2264
-75.9490,23.9331,63.7264
-74.8099,26.1723,53.8926
-91.2260,16.1940,38.6416
-63.7458,20.9424,49.7440
-64.9098,15.5054,37.5345
-79.7831,19.1486,43.8090
-68.6304,16.3635,54.0652
-62.6631,27.7326,52.1131
-68.5159,23.3621,51.0975
-75.2145,26.4469,62.1852
-54.1844,20.1761,48.2427
-66.6691,19.9873,51.1929
-70.9694,19.0311,62.5898
-68.6823,20.3351,53.8202
-68.7973,21.4581,44.3644
-79.7633,19.8451,33.6312
-68.3188,14.0928,54.1671
-64.0061,21.4021,43.9987
-66.6696,10.1750,34.0318
-71.1899,21.7263,44.2060
-78.0369,20.6672,40.4630
-78.5488,21.6475,42.9002
-60.4281,23.3277,52.3467
-67.4267,15.7741,35.6437
-81.7693,34.3951,34.2056
-71.6787,18.1981,42.1890
-74.6724,10.6583,35.0181
-81.1254,19.3661,38.1580
-75.4974,21.0794,39.1721
-62.5432,18.0691,47.2516
-80.6024,23.2844,40.9482
-66.7299,21.6500,43.2656
-68.2605,18.0735,58.4611
-62.5257,22.4125,33.1986
-78.7944,16.6807,42.5500
-66.4159,15.5173,56.7707
-69.9712,9.9361,40.2468
-90.6815,16.2414,39.5087
-74.8833,18.3737,41.0590
-74.7499,27.5125,57.1490
-79.1347,26.2695,28.7863
-76.5169,27.6260,22.6045
-65.4017,13.7325,43.5600
-71.4416,28.4860,36.8940
-70.5521,23.1351,42.4822
-76.5765,19.7040,45.9351
-62.9276,15.2847,40.5087
-67.4165,19.1642,43.1472
-70.1360,16.5208,37.0031
-66.4742,14.5245,56.6538
-68.2616,13.6173,47.8303
-68.6618,23.8108,56.5885
-72.9314,16.4612,38.9402
-77.8487,16.2678,47.8450
-69.8779,17.5432,37.6174
-67.2169,17.4920,34.5984
-71.2134,18.6775,34.2996
-63.3826,24.2301,45.4089
-68.9517,22.6365,44.6908
-62.8697,28.2800,45.8049
-66.4780,24.3673,41.6196
-79.0264,24.5300,29.3124
-55.6893,24.3522,46.8769
-69.5912,28.7568,35.5377
-79.2815,17.0093,42.3820
-78.0518,20.7693,46.3594
-76.5109,28.0153,31.0793
-80.2138,21.8806,42.9252
-66.6582,16.9051,34.6666
-75.1643,16.5820,50.2500
-73.8397,23.8072,50.8808
-61.6752,24.5036,52.8435
-63.8412,17.4165,42.3812
-84.6410,21.4588,38.2623
-66.7876,22.6374,31.4791
-78.1107,18.2533,39.8240
-68.6638,14.2229,45.4718
-83.5079,9.2244,52.1666
-80.4425,17.2004,30.8264
-81.2710,18.0057,40.8987
-62.1393,22.2476,42.3888
-63.9385,25.5828,49.1130
-73.2505,25.0930,62.6852
-64.7157,28.8534,54.2660
-63.2091,14.5491,33.8645
-70.3959,11.6527,39.0705
-63.0613,16.6742,50.3319
-80.8100,17.5318,55.2344
-68.3319,21.4514,62.0472
-59.6256,15.6157,58.1790
-74.9220,19.9121,45.1521
-61.4157,14.3537,49.5186
-65.8079,24.0576,42.8961
-61.9727,16.4423,56.4706
-67.1821,12.9996,49.0792
-68.5656,18.2217,37.6375
-71.9215,12.7892,61.9072
-79.0262,16.6936,56.4490
-65.3198,23.6012,60.1671
-72.4971,14.7675,53.4427
-63.6298,18.3656,32.3442
-60.0868,22.8792,31.2653
-63.7604,12.7951,40.1737
-78.9865,16.8108,36.6669
-74.9065,23.6213,47.9459
-64.9701,25.4617,41.2730
-69.3608,22.6908,62.0674
-62.8074,26.9078,55.1896
-61.5419,11.0766,53.8086
-68.2966,20.2711,39.7274
-73.4022,22.0809,53.3998
-81.9823,21.0905,39.3931
-77.6064,21.9631,41.7128
-75.2723,16.1542,47.8130
-70.0803,14.5418,36.5900
-71.4601,22.0257,34.5029
-66.0951,15.8800,72.2774
-77.5280,16.0494,46.9400
-77.2190,24.1382,63.0142
-73.1010,20.8639,39.8224
-70.0002,27.1587,53.9425
-77.2338,27.7295,56.6206
-66.1091,16.7039,45.6571
-76.3637,22.3380,41.8353
-87.8797,24.6310,46.9145
-61.3721,19.3191,46.8847
-61.0774,21.9390,47.8800
-44.2849,19.1550,46.6919
-56.1278,15.9750,34.5900
-81.4565,22.6683,51.2563
-64.0681,13.2322,55.0586
-60.4219,19.5134,45.3257
-64.5952,21.8357,51.4197
-78.6887,19.1269,32.8753
-64.9498,22.6511,44.0119
-67.6256,12.2174,53.5793
-73.7382,20.6453,56.1537
-76.0520,25.9862,46.2408
-69.7745,22.7802,32.5297
-65.2472,20.3075,55.3628
-71.7345,18.1834,48.6964
-70.4749,14.1302,43.0604
-59.8590,19.5345,36.2954
-64.2725,10.7328,23.7973
-70.0332,20.9046,47.2040
-77.1423,19.2475,31.0127
-68.2435,11.9234,43.5076
-67.9074,11.2169,39.7750
-63.6948,27.7448,29.9604
-67.2807,13.8203,31.5474
-57.2314,23.3409,36.9581
-68.2478,23.2097,46.8129
-52.0218,23.0289,15.0702
-72.3216,16.3171,42.9585
-69.8923,16.7443,34.1508
-59.0928,22.9867,38.2926
-64.5628,23.3759,57.6731
-78.4425,23.8994,38.9221
-60.7596,19.0378,22.2822
-69.7172,11.0792,42.8285
-70.4655,17.9935,30.1308
-78.9258,15.7770,42.5189
-59.6920,23.5454,40.2780
-59.8090,13.1597,51.8502
-71.4019,21.1816,51.3846
-75.4366,24.0058,44.9069
-50.7056,18.4787,57.6917
-64.8233,14.1294,58.6062
-78.4833,8.8400,53.5332
-61.4484,20.2601,42.3898
-57.3305,23.5593,38.4413
-64.1477,13.7835,39.4103
-78.4090,8.9999,33.2271
-60.2214,14.5109,39.4997
-79.2878,24.3280,45.0120
-66.0740,19.4716,33.2897
-77.7915,24.1863,44.4259
-63.8048,4.1870,56.1011
-73.9517,30.8643,39.8924
-69.7738,23.3019,36.2420
-63.0181,16.7739,57.8910
-63.6543,22.4782,37.7581
-71.6846,21.4996,24.6666
-74.4140,24.6904,32.3182
-59.7682,16.8584,48.2326
-79.1813,22.4219,49.6273
-60.9090,26.7704,57.5352
-68.3286,13.8692,58.2377
-80.4331,17.8065,52.3711
-66.4515,27.9653,44.9595
-83.5206,18.6237,46.7406
-72.8049,27.0623,42.5239
-81.4868,22.3339,33.5231
-56.4009,21.3505,30.9672
-61.3649,31.8462,24.9594
-62.7754,22.4201,46.7568
-67.2534,22.4594,38.0700
-58.7121,13.2524,64.5856
-57.7785,14.0693,44.9460
-58.6411,17.5450,43.3759
-73.2190,25.8374,38.9232
-70.0786,22.7011,42.9240
-76.9315,13.2923,29.8174
-79.4384,11.3973,37.7312
-67.5983,20.2705,36.7337
-78.1442,15.0331,31.1210
-79.8870,23.5718,30.9539
-69.8615,16.9097,69.2794
-84.3754,20.9665,41.6625
-76.1690,21.5761,46.5558
-78.5512,22.1314,48.8917
-59.5242,16.9501,59.7044
-71.5745,10.1199,50.2310
-70.6527,15.5882,54.3324
-73.7730,25.0844,44.1730
-63.9974,23.3974,49.7317
-78.2563,24.5986,45.2176
-53.9819,22.3933,52.5113
-76.1191,17.9693,45.9672
-79.3638,14.1486,43.9142
-70.6230,21.0104,56.1710
-73.2027,23.4044,43.5536
-71.5521,21.2853,24.3227
-69.4691,16.8087,35.7016
-85.0959,17.7855,26.2256
-63.0390,18.8035,28.1793
-75.3882,23.7748,39.0512
-72.2497,18.1541,43.7172
-83.5981,19.7727,39.4191
-46.3698,18.9350,40.4438
-62.0922,19.2198,47.5334
-76.9929,27.7761,38.7233
-66.9972,25.6618,41.9550
-70.0012,22.9326,51.8268
-78.7208,20.9074,35.5463
-75.9630,16.7580,57.1598
-57.2274,33.0273,44.4345
-76.7313,15.1526,61.0748
-82.3070,18.4152,39.3394
-56.0000,14.9333,56.0166
-59.4932,19.1661,49.6550
-82.3097,19.5590,42.8497
-90.6367,22.0769,48.5517
-83.5470,12.9386,37.5071
-74.2335,18.4682,35.4188
-78.0629,21.5326,40.2475
-70.8544,18.8516,49.5720
-71.2342,24.3077,46.0300
-62.8877,26.2354,30.3952
-62.6240,28.9141,35.2747
-70.2550,18.2140,49.4083
-65.8401,16.6535,58.1256
-76.8534,19.3084,55.2359
-54.3725,17.4367,52.8229
-68.2397,12.0878,35.4481
-79.6382,17.4834,40.8321
-69.7764,26.3885,49.2248
-48.7755,18.7829,52.8925
-66.6847,27.5328,41.2128
-63.2379,28.1454,37.7919
-70.5990,22.5215,40.6522
-77.0020,29.1637,42.7035
-56.1273,17.4579,42.9291
-63.6229,18.9699,36.0113
-75.7593,21.3634,38.3389
-69.2955,8.7136,39.4188
-71.4425,17.4368,35.0641
-77.0680,20.3526,59.8706
-81.1874,18.6187,54.7705
-67.3243,19.5312,40.4929
-69.8939,19.4947,23.1354
-75.7263,10.2521,57.9106
-63.4188,16.0588,53.0488
-50.4108,16.8846,57.9928
-67.1000,18.8165,33.9409
-74.4474,18.0254,21.8422
-65.7563,18.3913,49.5924
-73.3538,34.9914,28.4272
-77.4645,23.5260,68.5847
-77.9393,29.1461,35.8297
-59.6531,20.3770,67.3000
-55.7441,16.7614,74.3570
-78.9933,18.4319,63.0790
-75.8783,16.7932,46.3063
-66.3801,21.9359,37.5430
-68.4249,23.1871,60.0399
-67.3747,13.7351,45.2842
-74.9647,26.5952,28.2458
-65.5221,14.6730,57.7206
-63.8307,21.0967,50.0494
-72.6950,23.3789,44.5037
-64.1504,20.2929,20.1881
-74.1093,27.5875,59.5254
-69.1636,19.3698,41.6475
-64.9555,22.8952,35.2091
-64.7068,26.1645,35.4514
-71.4947,22.3178,52.2275
-73.3643,17.3566,40.3611
-66.9181,22.1456,44.8058
-80.9138,14.5501,51.3682
-79.7687,21.1318,41.3920
-74.8178,20.1335,61.7635
-67.6895,18.5217,30.2663
-65.9021,25.6835,51.0738
-60.6724,22.3830,31.9673
-70.3596,22.6243,52.2101
-73.9446,19.6832,48.6587
-59.8297,25.0262,51.4632
-66.8302,14.8736,33.9904
-70.7348,25.2079,48.9535
-65.5112,12.4922,30.3835
-61.0409,19.8268,31.8631
-62.9427,21.2902,74.5146
-60.0000,21.7335,43.4889
-68.1416,19.4867,30.6120
-62.5798,21.3743,17.4529
-75.0842,15.8563,54.8089
-70.3524,27.4370,29.0848
-78.6063,25.3355,38.4478
-78.4691,17.3666,37.4018
-65.6854,25.5908,29.1308
-72.3262,20.0712,45.8219
-63.3340,20.5992,39.2020
-78.8951,10.8765,41.2889
-69.8847,24.6086,41.2223
-51.4104,19.6176,40.1666
-66.9552,15.1472,47.0891
-86.5128,23.3805,45.6668
-68.3154,20.7740,32.2624
-77.1890,27.8321,49.9460
-74.7781,22.1054,49.0771
-54.3641,25.5518,49.1117
-73.5935,28.9184,43.9845
-76.9641,13.8988,36.3760
-72.9127,23.8270,54.1319
-60.7914,20.7649,53.3149
-51.9255,24.5514,61.0288
-82.0851,16.2910,37.4889
-91.4163,20.3684,58.9245
-74.2825,20.9772,36.4595
-73.9338,21.4265,33.0422
-60.6077,10.4062,48.2223
-73.9319,27.4457,52.6185
-86.6733,7.8880,34.9864
-74.0178,19.0550,45.3025
-64.6112,13.1700,26.9945
-67.9803,18.1951,43.9663
-75.1346,19.1340,59.8651
-82.9862,13.8723,51.4160
-57.4607,18.9718,32.3728
-86.0090,21.3027,32.5065
-52.5954,31.7080,47.2630
-66.1163,19.4104,56.4180
-70.0246,20.3168,58.6040
-64.9905,30.6549,28.6317
-74.4447,15.4805,53.4178
-73.9487,23.0117,33.3101
-70.7547,31.4850,61.3837
-85.0283,21.8229,53.2635
-73.9473,14.4881,51.6199
-69.1934,22.7627,43.4195
-51.3507,15.4308,40.0400
-65.8809,23.6587,31.2129
-59.6215,12.7094,45.0640
-72.4562,16.4619,56.3325
-88.7764,16.3461,35.9724
-63.0008,27.7521,52.7547
-58.8377,8.8772,46.6360
-81.0643,18.1252,47.4467
-69.2430,26.8788,25.2136
-76.6859,12.5969,28.6121
-61.9538,20.9121,60.5661
-60.5183,20.3408,35.3038
-62.0657,16.5420,33.0058
-79.2033,20.6093,57.6553
-69.5791,26.1221,45.9134
-73.4116,33.6059,63.2104
-68.4247,15.8390,28.9097
-66.7891,18.7224,49.6700
-67.4157,22.1814,56.4223
-67.4862,16.3828,37.2945
-65.3350,14.6409,52.1834
-64.2865,19.7806,37.1858
-84.2107,14.3802,28.7407
-69.7866,17.7886,35.7934
-63.0192,20.6466,45.4759
-65.5351,25.1823,28.9718
-64.3466,10.9553,37.0562
-61.9028,23.4561,51.6474
-68.5433,27.0649,29.5920
-72.4412,20.2367,65.3529
-61.7876,25.1921,37.3865
-52.0027,22.3590,34.9408
-51.2371,12.8655,36.3130
-71.8720,15.0979,50.2721
-67.7859,20.5675,63.9381
-83.0718,26.8319,36.7535
-58.3027,29.5261,68.0155
-71.5241,14.1837,48.2793
-70.4269,11.1858,52.3554
-77.3814,27.2100,54.6516
-72.2507,20.1808,42.5743
-73.6591,35.4916,35.6380
-69.5573,24.9574,41.1566
-75.0283,13.3545,56.9204
-64.3040,22.3497,29.9120
-65.9713,21.4265,41.6194
-81.0139,19.7166,36.2916
-69.3597,20.3167,41.6184
-62.9438,19.6697,50.2909
-66.6528,25.0409,35.3594
-72.7624,24.6100,46.5353
-60.9936,23.7262,40.5532
-62.9559,18.7126,54.5660
-55.1699,25.4580,67.8950
-82.4127,17.2581,42.3366
-73.2023,21.8622,41.3189
-61.1511,24.9238,49.1347
-78.0977,22.7369,51.7429
-67.1689,20.1500,59.0033
-74.3870,18.1665,51.6706
-65.7537,24.2630,42.1599
-80.5176,13.8121,40.6733
-63.6606,23.9613,26.8409
-65.7288,19.5639,34.5789
-52.4738,21.3198,53.2742
-49.4598,17.0944,41.0321
-58.0879,13.4616,45.7397
-69.6303,24.8509,49.0539
-77.3054,24.8612,53.4515
-78.4080,16.5610,39.7419
-79.1947,25.3233,41.7616
-72.2226,14.8112,41.0546
-58.1204,23.7414,28.8260
-77.9177,23.1780,40.0188
-74.4259,15.6975,31.6893
-69.2377,18.0986,56.4038
-70.5337,15.1741,51.9381
-59.2308,16.3213,27.9742
-73.8317,13.2505,61.4162
-81.1020,18.3615,59.7352
-63.0303,17.4317,37.1694
-71.4520,18.7992,59.9640
-71.2373,13.2502,54.8577
-61.7077,18.8660,52.7213
-69.5900,13.9660,44.1893
-79.1574,16.8292,35.6110
-67.3372,20.9324,31.8032
-77.3588,19.9865,49.6437
-69.4221,8.9660,57.8690
-55.8215,27.9190,50.4410
-64.6241,16.7290,46.8858
-79.0450,20.6088,30.7031
-65.3184,18.2272,52.6707
-68.5394,17.7022,53.4333
-79.3872,18.6757,39.6246
-64.0482,19.6224,47.7002
-65.7962,8.2694,35.7368
-69.0726,25.0624,50.7259
-59.5139,18.8919,46.0068
-73.9984,17.8216,36.6956
-74.3462,19.0477,38.4845
-69.7874,10.9068,49.2793
-68.5803,22.2311,40.3650
-74.0658,24.9118,43.4550
-54.1076,12.9694,42.5264
-79.0190,16.0663,37.1001
-73.8459,23.9142,33.5611
-65.1199,12.7956,40.9447
-59.4415,22.3102,47.7228
-64.9592,22.8799,51.2801
-58.7707,14.8077,44.2926
-64.9018,23.7482,50.5806
-59.5477,17.4950,31.5028
-59.8209,19.9960,39.5131
-69.7139,17.8386,55.0621
-62.8787,21.5587,50.4087
-69.7391,25.1325,21.3668
-79.3456,19.8003,40.8652
-77.6041,23.0998,35.2162
-68.2611,20.6214,45.5770
-76.6335,19.0342,57.2694
-65.6518,24.8142,44.1992
-83.6183,17.6677,43.4932
-59.5879,25.6798,49.2485
-76.8522,20.6422,42.3827
-71.9481,13.8324,49.6390
-70.2387,24.0219,30.3837
-79.0159,38.2314,36.1995
-67.6993,22.1888,35.1781
-56.1791,19.6719,46.4948
-55.4529,16.0449,40.1236
-72.7641,13.1368,47.7584
-66.2156,20.9166,51.5583
-63.0748,21.6935,42.5856
-60.2367,16.5167,58.9636
-71.5437,23.8240,63.2655
-88.1184,19.0387,40.9605
-56.3409,17.9659,72.2902
-82.2232,21.7475,41.1370
-65.9593,17.1743,40.4897
-84.5826,20.5409,30.0208
-80.4774,20.4344,43.7865
-61.7833,13.2344,49.2101
-67.4200,18.4881,36.9636
-70.6327,24.4199,41.2624
-63.2216,18.6310,62.2480
-69.7856,19.1223,28.8917
-81.4172,21.9065,42.7255
-67.7498,16.5768,43.4956
-74.9896,21.4760,42.8184
-55.0828,16.5596,56.1881
-78.4359,17.6733,36.5846
-59.9229,22.1849,46.3717
-68.1244,14.5782,59.0291
-58.8838,19.8285,45.1326
-64.8069,19.1237,42.9982
-73.9424,18.2705,40.2394
-64.1612,18.3585,40.7164
-75.0146,12.5025,60.6018
-65.9312,24.3325,39.7010
-58.3424,20.7260,59.5264
-70.1070,19.7767,39.7205
-69.3801,21.1249,59.9270
-57.6823,20.4497,57.1904
-91.7412,17.6485,47.4971
-62.9030,22.1155,44.4395
-73.6920,16.0012,64.0196
-61.0222,26.5389,45.1061
-74.2758,22.7735,44.7538
-71.0246,19.8757,38.6705
-76.9713,18.7880,31.1458
-65.2140,24.1928,37.3046
-84.6194,21.9679,47.3843
-69.8359,13.3279,25.8226
-56.3075,18.9180,50.0440
-70.5660,22.0677,32.2173
-73.5657,13.2232,34.1285
-75.6722,10.9673,40.3880
-75.6871,14.0689,43.6716
-70.0907,15.8151,65.1197
-64.2543,25.6083,41.7162
-62.8512,23.8279,34.8149
-75.4577,34.5761,40.8878
-66.1051,18.9270,53.3140
-77.9567,14.9735,56.3434
-68.4117,7.6119,45.2341
-71.4557,23.5533,48.2105
-67.2624,20.4373,47.9047
-79.2210,15.9255,36.4769
-80.7293,23.9413,55.7758
-65.0880,16.9938,39.6287
-73.5190,25.5645,50.2663
-56.0887,15.1521,42.7436
-80.0854,12.9138,43.4474
-72.6856,17.4359,29.6528
-68.4258,18.5807,54.1487
-65.5960,13.4413,48.9569
-74.7909,27.6625,44.7041
-74.0281,17.9673,29.9910
-59.8043,30.5968,27.7020
-72.0143,19.4480,39.0572
-60.2597,26.2372,42.5466
-53.4297,20.1639,42.5810
-67.7616,16.2698,59.5313
-65.0669,18.2253,43.1448
-77.2622,21.3125,32.0636
-69.9746,17.4140,50.6706
-61.6595,23.9347,43.7743
-75.6770,18.5017,44.8337
-66.0967,17.1591,35.3272
-68.6126,26.7940,63.7232
-63.6544,15.0487,59.0859
-76.7653,16.1471,49.2761
-81.0426,24.0084,44.4637
-66.8070,15.8829,53.4643
-65.8950,18.1834,54.4528
-91.2823,21.8116,43.9246
-76.3600,20.8860,49.9980
-75.8957,19.4024,44.5858
-66.8569,26.1339,40.3605
-59.4647,13.4789,48.0078
-83.7569,20.3589,52.2225
-53.8162,20.2468,37.5169
-61.7880,20.2058,45.9834
-62.6639,25.4638,27.6787
-69.5876,19.9180,34.3043
-82.9912,19.6658,40.3627
-75.7976,19.3132,41.4898
-69.8592,27.8840,44.6987
-54.9570,26.2205,54.6758
-75.8280,18.5328,35.8028
-66.6730,19.6647,49.4170
-67.5798,20.8392,41.4309
-77.7839,17.7916,52.1662
-71.3111,19.6999,53.6781
-66.0994,12.6260,44.1959
-76.9704,19.7291,48.9027
-65.9247,28.3189,39.9918
-72.3595,22.8701,54.6199
-78.2514,23.4336,51.6548
-71.2029,18.5945,52.3265
-66.5826,22.0035,37.6821
-83.7784,19.5300,42.2890
-66.3348,16.1774,51.3470
-66.7231,16.2994,54.4503
-72.7433,16.5177,47.5087
-70.1177,15.4747,51.2014
-70.0732,16.2089,27.4603
-66.5887,20.4951,46.1938
-58.9854,7.5469,57.6921
-59.0896,15.0996,55.1467
-76.4957,14.7875,43.9860
-55.3788,21.8083,45.4985
-62.9146,16.8875,59.9751
-57.4350,22.1461,37.1173
-61.4239,21.4735,51.4366
-60.9075,22.1822,35.9746
-58.0774,21.3964,48.2416
-65.0792,21.5587,52.4795
-68.4203,19.1121,39.4982
-74.0906,18.5592,54.8944
-72.6951,19.4446,43.9894
-65.7291,23.2449,64.7445
-81.1445,18.8603,50.7302
-83.4810,28.7067,43.8389
-76.3520,24.8538,23.0199
-68.3021,15.0425,44.8509
-67.0075,23.9627,49.1133
-53.3089,20.3099,41.5807
-60.1911,19.6735,49.1821
-101.4982,22.2662,44.2523
-73.4792,16.7183,54.0315
-86.3333,35.7458,56.5412
-67.0416,29.5019,47.7466
-77.1597,25.1354,28.6396
-65.1995,25.9905,50.3497
-81.6096,21.0256,43.7691
-75.9377,8.4401,33.1450
-74.0059,25.6278,72.5315
-63.1457,16.0587,40.7896
-61.3425,23.0690,48.9092
-68.0953,25.9965,67.3594
-69.9232,20.7939,50.0442
-73.6973,9.0369,49.9373
-75.8686,26.5830,46.8243
-58.0206,15.7122,56.3119
-83.0530,24.6883,42.6275
-62.5005,18.2094,51.8246
-65.9789,21.9158,49.4268
-56.5565,17.1935,59.0341
-72.8329,26.0347,68.3972
-76.3866,9.2198,46.6373
-75.5335,17.3676,41.7074
-74.2703,27.1550,56.2539
-60.7272,31.5607,37.2923
-89.9743,30.1177,47.5047
-70.4455,10.9854,31.4830
-64.4648,19.2843,23.4713
-77.5238,25.2457,57.7867
-68.2867,34.1700,55.2672
-55.5179,26.6665,53.3124
-80.7136,11.9982,37.5865
-67.9331,20.0054,48.7470
-70.1600,22.3888,54.8755
-69.9364,18.5601,18.7871
-63.0223,16.1333,35.9086
-63.0585,24.5922,51.7997
-62.3759,14.5297,42.7080
-74.4001,28.6492,53.6380
-71.9515,24.2073,48.7470
-70.9395,22.3344,53.5059
-71.1372,13.7476,48.5458
-72.1125,14.2732,37.3178
-71.9957,20.1358,50.6169
-71.6998,22.2495,41.2663
-65.6347,22.0154,50.6917
-58.5028,18.5858,29.0674
-70.6230,24.0472,45.2494
-67.4551,11.3867,36.6586
-65.6903,23.8889,37.4957
-67.0639,16.4450,33.4756
-69.4319,21.0852,48.9639
-64.1596,28.3856,54.4875
-72.8868,24.6984,30.3248
-69.1945,25.2674,51.7916
-63.3741,29.5502,37.5926
-63.6418,19.5333,56.1467
-69.0590,23.9104,60.4677
-64.9527,18.9509,41.3232
-75.5523,25.1906,58.1232
-71.9545,10.9532,38.6649
-66.5281,15.2661,25.4150
-73.5554,9.7991,48.2544
-73.2086,20.3013,57.9666
-77.2635,9.2605,44.7164
-66.2483,12.8523,41.3154
-72.7776,20.1391,38.8450
-48.6923,18.6878,46.8652
-73.8780,6.7845,58.8090
-95.2544,26.7841,31.7857
-80.8714,19.4555,66.9590
-67.4432,19.0437,37.3227
-64.7942,18.1495,52.1380
-85.7078,22.6422,48.1799
-80.8818,14.8368,43.5262
-73.8921,21.4501,30.6532
-77.0765,30.5700,36.5762
-73.4089,19.1146,42.2151
-60.3448,17.1391,53.5493
-76.8436,23.8654,42.8592
-71.3981,19.5569,50.5025
-79.5477,15.1477,65.3723
-65.9481,18.1956,51.4209
-70.4811,8.7430,46.6133
-70.9750,21.7457,37.2527
-71.7636,25.7106,43.4916
-73.4317,21.8253,41.0583
-61.4571,19.1275,48.6337
-75.6330,13.7610,52.1931
-67.9041,23.1872,52.3668
-81.7541,20.5989,24.9418
-65.8451,14.5719,49.6731
-64.1924,17.3027,44.7695
-60.2215,11.7305,51.4363
-69.0530,24.7407,28.4811
-69.9717,25.5210,58.5916
-76.1540,18.6023,63.4141
-81.3585,19.7713,46.7742
-68.6006,15.3288,54.6447
-62.8917,29.0807,37.0703
-73.8536,25.4830,63.1533
-70.0798,12.3599,42.8392
-62.2823,23.3905,56.1295
-54.6006,17.8434,35.9556
-79.6217,19.3861,55.1908
-56.1825,21.0939,45.1473
-71.0631,26.1319,37.3799
-70.8394,19.6130,44.7284
-55.5343,15.5401,69.5527
-75.2424,15.8976,38.3913
-64.8102,19.9296,56.2122
-76.5893,11.6339,41.2907
-67.7618,12.6512,43.9349
-65.7153,15.9667,36.7602
-78.7614,19.2827,49.5633
-48.0196,25.8261,32.3829
-82.2944,19.4486,60.7199
-64.7429,17.3634,55.0164
-58.9812,27.3087,34.3359
-66.5006,13.5941,36.9454
-80.2288,18.6902,30.6399
-63.8006,19.9384,36.3554
-66.1165,27.6537,48.4539
-74.6693,18.5807,43.9588
-75.6123,11.4414,41.2150
-60.0582,15.8638,25.6966
-70.7103,25.5140,27.7757
-68.4797,22.0572,50.3686
-65.5432,23.0407,29.1606
-65.0715,26.8876,42.7835
-67.0286,14.9279,58.0298
-74.9470,28.2474,41.2006
-64.5779,17.3329,63.7775
-85.7771,21.8466,24.2055
-79.6382,29.4600,54.0802
-86.0843,19.9698,38.8033
-65.4416,29.2520,51.5389
-66.5228,22.5402,34.0749
-64.3909,24.6055,38.8764
-75.1399,27.2499,47.0912
-79.0985,17.8796,40.4248
-70.5161,19.6364,42.5072
-56.6085,24.1614,59.8299
-83.5572,20.5557,56.7478
-64.1967,16.6033,37.4404
-62.3198,18.9374,51.4830
-68.7471,19.4118,46.2048
-76.6368,28.5059,50.4818
-58.8053,17.3540,39.5946
-72.5540,15.6920,51.7815
-64.2999,17.4343,41.8034
-66.9872,16.2371,40.9067
-57.5161,16.2671,39.8318
-49.9622,9.3681,33.1563
-55.6216,17.9523,49.9983
-53.0427,16.4148,39.0849
-66.7137,19.6209,39.7507
-71.0666,13.3594,49.6572
-63.3240,19.1927,42.7619
-65.6097,17.3088,41.9187
-70.5467,27.3601,44.5078
-70.9098,19.1793,41.1621
-77.7193,15.4044,53.6035
-74.5528,20.4618,40.2373
-80.6233,17.6762,58.9694
-73.3167,16.6181,40.7212
-72.6771,21.1425,40.8835
-70.7808,17.5454,48.5750
-67.5099,21.0584,51.3313
-70.7940,26.0647,49.6619
-58.0973,19.6014,47.7213
-75.4574,20.0781,53.1803
-72.9240,27.4609,45.2567
-57.3346,14.7560,42.2314
-73.9709,25.0532,51.4210
-70.6113,17.7210,44.7316
-64.2033,24.1787,44.4038
-73.5766,20.5103,46.2927
-67.9797,17.7325,62.4047
-75.0303,27.5624,58.9366
-62.4231,29.3703,50.5584
-72.5335,17.3846,38.2892
-63.3012,12.5970,30.7764
-57.7402,25.0644,49.1433
-62.6132,23.8715,43.1313
-81.7491,26.4154,49.4620
-81.0097,20.7115,40.3128
-70.9229,18.3601,50.5121
-71.6673,14.2252,51.7301
-66.1136,12.8711,49.0913
-62.8990,19.2375,46.8768
-76.1146,11.2496,50.2183
-70.7031,22.1480,42.6522
-72.0829,20.8115,44.3668
-63.0698,17.8806,30.5560
-68.8471,13.4840,19.6603
-78.7742,17.8071,37.0406
-82.2934,18.8768,57.1647
-63.3647,20.0412,54.2112
-73.5231,15.5900,51.7846
-78.6686,21.6701,44.7433
-72.9020,17.7097,56.3722
-82.7149,21.3450,42.1143
-75.9314,20.1947,48.1580
-70.4796,21.2252,59.1484
-74.8072,22.0897,27.6140
-66.3444,10.6653,51.3136
-73.8014,20.8207,30.4452
-69.8078,24.1201,51.1985
-70.1380,19.9676,56.4544
-64.1121,16.8762,39.2017
-75.4389,19.8218,33.3933
-87.2670,18.9085,47.5288
-68.5086,25.4250,32.0750
-74.1052,12.7879,47.4583
-70.8367,17.5959,45.4144
-75.6551,14.8899,60.8051
-63.5172,19.0792,29.5856
-71.7144,22.8713,46.6988
-61.9269,26.1344,44.1545
-73.7447,17.5280,40.8653
-62.7636,17.8793,28.1922
-66.2803,19.5053,40.3281
-85.7081,25.8503,51.9635
-79.0951,20.7589,34.1627
-80.8848,9.5065,52.7933
-62.9607,18.4508,44.4016
-55.9605,16.2230,33.1525
-68.9796,22.7475,42.0312
-81.4087,16.1639,51.8501
-64.2820,11.6466,32.7739
-77.8812,19.8728,67.0682
-72.2866,20.3105,37.0285
-49.3175,16.9904,39.8825
-68.7503,13.3782,53.0876
-70.0666,15.7864,39.0419
-85.1523,17.2222,22.2538
-73.6037,17.5221,39.1102
-74.6628,15.7901,57.3403
-58.4861,19.1522,56.4367
-72.4520,18.4878,36.7122
-64.4203,23.0903,32.0953
-68.7202,17.4149,35.9808
-70.2056,10.4058,40.6606
-54.8839,22.1784,33.6442
-65.5730,20.4431,41.7919
-74.6861,20.0034,39.0760
-71.3856,23.6975,53.1571
-80.3717,17.6581,61.0691
-55.6276,21.8488,61.0957
-60.3345,19.3401,25.0371
-70.4894,13.5891,46.3637
-56.0304,21.2435,37.1483
-79.3547,10.1852,25.9398
-56.9859,24.2798,43.6896
-71.2237,19.7402,44.8827
-58.8631,21.9506,25.1756
-61.5147,10.3509,40.9381
-81.0885,20.2018,32.4286
-81.0223,14.7673,53.1381
-71.4858,23.3359,58.6030
-68.0932,22.8505,35.3051
-70.6765,14.2558,50.5382
-62.7502,24.8292,44.7177
-62.8364,19.2733,39.3852
-65.9836,23.6298,67.0366
-64.1670,14.4953,35.2189
-80.4137,20.3869,34.0032
-59.1014,18.5425,51.4175
-68.7864,21.7191,34.6349
-70.2679,17.8632,43.9872
-69.0025,23.4074,40.3444
-63.4112,21.6462,61.3877
-96.5008,16.7866,57.5858
-90.1700,27.4232,45.8221
-86.3378,23.6280,34.4743
-77.3025,27.3232,41.1310
-77.6748,30.0398,54.2907
-72.6766,16.0526,42.9604
-57.3817,15.0875,32.2612
-59.8036,18.5894,46.0046
-65.8010,18.0496,20.7592
-71.6974,26.2052,66.7245
-70.9430,19.8566,58.6547
-65.2344,21.4771,25.2087
-73.3308,21.0738,29.8596
-72.9284,28.5426,42.4285
-81.4749,10.5645,44.8871
-74.6218,15.6574,47.2751
-67.7216,20.8729,48.5049
-79.8320,16.7975,41.7384
-70.4306,24.9479,37.7181
-76.2206,27.4369,46.5845
-81.1843,18.4451,32.6381
-79.0957,13.3287,37.0402
-53.5223,25.0524,58.8167
-61.2991,19.3256,49.0344
-69.1774,14.6596,33.3757
-62.7972,13.9080,47.0093
-64.7832,23.7637,48.6926
-79.6058,22.7020,43.6174
-77.8204,10.0562,49.5121
-82.4195,11.4634,62.4792
-79.6110,17.9001,45.7179
-69.4382,14.9035,37.9167
-63.5548,18.6061,44.7685
-87.3008,17.1315,53.5741
-75.8336,15.2423,48.7490
-65.2107,21.6687,39.3363
-64.0030,28.1448,56.6997
-82.5067,34.6475,31.7440
-79.8073,21.5220,44.0564
-67.1092,26.5582,54.3051
-77.1478,20.3603,55.1121
-61.5767,25.6223,53.1745
-64.3368,17.4324,31.8182
-66.6208,17.7299,57.4451
-76.9805,18.0941,40.7190
-62.2642,23.7572,45.2282
-67.6639,28.0738,27.3734
-64.0157,25.3999,57.1427
-63.5800,16.1304,39.6096
-64.7026,17.0535,43.0166
-82.0420,14.0378,48.4666
-73.4080,16.2063,43.1219
-67.5889,18.6938,46.7258
-69.2922,18.7425,44.8865
-77.0981,17.4920,26.6293
-79.3314,14.0647,41.0112
-60.9574,19.9548,46.5047
-77.5396,21.4356,61.9578
-70.6979,15.8763,33.3413
-67.8968,15.2935,52.1339
-78.0985,11.7194,49.7995
-80.3496,23.0307,55.3743
-74.7425,21.0415,58.9216
-73.7186,27.9923,41.7144
-77.5017,20.4877,47.2513
-60.9251,24.4321,48.6952
-64.7505,20.9044,52.9211
-74.1497,14.5937,47.0856
-48.4867,24.0384,37.9998
-58.8487,10.6776,42.4810
-66.8206,16.6338,39.0581
-71.3600,17.2875,37.1585
-78.6738,12.1997,35.3359
-70.8124,25.0319,38.3660
-79.6935,28.0272,33.5674
-69.2433,15.3181,37.8108
-66.9075,22.3058,57.7101
-64.6499,20.7702,51.2457
-78.2419,26.0526,50.3267
-66.0817,22.9925,30.2029
-79.0715,20.6614,46.4494
-65.3997,20.5329,43.1549
-59.9377,21.7479,52.4666
-60.4383,26.3198,48.1769
-64.1938,21.3300,55.7252
-51.7550,14.7755,37.4727
-57.3305,20.9307,40.7010
-75.5530,24.6871,50.6036
-53.9380,19.5440,54.0158
-56.7689,12.8304,34.4661
-67.8286,17.1372,40.7852
-75.2874,19.2604,35.9598
-80.2379,21.9259,46.2482
-62.1690,22.6097,49.2395
-63.9769,15.4257,40.0155
-67.8011,24.6744,51.4655
-71.6958,19.0686,47.4986
-79.2511,24.2428,52.7229
-62.5677,24.9672,54.9789
-85.0725,21.1264,30.7014
-77.6216,19.3360,56.8305
-67.3508,21.1572,62.8562
-68.0718,15.2514,31.0612
-76.9834,20.5595,29.5935
-66.4941,21.5445,37.7998
-69.1670,22.5824,38.6806
-64.1376,16.4164,50.8752
-58.3389,21.6103,32.2653
-69.2903,20.4053,36.3879
-80.0759,18.0919,53.6836
-63.4569,25.9994,44.5515
-54.2831,15.7692,49.4081
-71.9328,27.4570,45.3225
-78.2567,21.2092,33.7800
-76.9780,24.6318,44.7969
-63.1553,15.6318,57.9679
-71.4026,10.2132,36.0429
-81.1796,12.6809,50.1049
-67.0747,22.9541,37.6272
-65.7463,12.6596,40.1711
-71.2701,17.1484,46.0046
-70.1819,22.3556,48.0352
-62.3577,17.5988,51.5152
-67.7802,21.2154,46.3372
-87.2518,29.5874,35.8468
-76.3716,18.3885,31.9000
-56.0329,16.9015,38.1618
-76.6374,22.1852,58.9584
-67.8180,16.1290,58.2278
-67.7315,16.3879,44.2798
-68.9493,21.1854,45.0162
-69.8087,29.3140,73.3371
-68.6159,15.4139,34.4977
-63.4950,11.8797,43.1819
-66.8404,20.9084,40.9534
-55.2978,23.9813,40.2916
-63.7339,19.0803,39.8374
-73.2607,25.9126,39.4095
-70.5704,25.1002,48.0411
-68.0767,16.6735,68.3085
-63.4536,8.1573,58.0418
-80.2886,13.1398,38.0206
-59.9371,18.6379,47.1062
-83.3601,25.3775,42.3276
-80.3143,21.6241,49.8987
-69.3198,26.4571,50.8363
-57.9822,19.7261,46.0956
-63.0866,25.7932,41.6690
-54.9133,20.5768,45.0484
-66.4653,15.7214,28.5400
-53.5539,25.3213,35.7605
-68.9032,23.1176,40.1204
-58.5350,17.5274,54.9240
-75.0434,22.5359,60.4986
-66.2046,17.5596,47.2167
-64.2012,17.8597,41.0507
-55.9039,26.9848,38.3674
-80.5465,13.5829,33.8521
-72.2717,19.6214,31.1624
-68.7632,5.4840,46.3983
-57.1374,13.9245,16.2032
-68.6676,23.5034,40.9158
-68.1701,26.4554,61.8937
-65.2159,13.8200,46.6942
-78.0023,19.9222,42.5861
-74.5676,27.6558,42.7233
-81.8476,21.8977,51.8611
-69.5916,16.1257,40.6760
-74.7105,17.4766,37.9822
-71.7683,13.2210,47.4677
-76.2589,24.3855,48.8125
-57.9538,13.1786,59.1121
-70.9326,23.0945,53.8975
-62.3105,20.3079,49.5457
-70.7335,23.6382,36.0823
-66.7636,27.6970,65.0645
-61.4553,27.3068,50.2361
-61.5695,29.7252,44.4575
-82.7020,19.1484,46.8598
-76.5914,14.0107,40.0702
-79.8401,24.5633,62.0468
-64.5970,13.0271,47.0707
-76.8663,21.3987,36.7686
-62.1372,23.5116,41.7940
-65.9643,20.3160,62.2743
-85.2126,22.0645,57.4301
-72.9343,17.5045,46.7730
-77.3579,17.3171,34.7581
-71.4202,9.5401,38.9723
-65.5323,18.1073,40.8810
-62.8083,27.8890,37.6277
-60.3604,11.2475,36.5417
-65.7136,21.2884,46.1911
-63.0811,18.9864,52.6250
-73.9118,16.8626,26.2510
-64.5891,15.6609,55.0753
-61.9225,18.8890,45.8725
-68.4175,18.9748,30.4140
-58.4340,17.1609,50.2947
-67.6691,21.4483,47.1894
-62.7033,15.6463,54.9207
-68.6731,20.1961,40.8490
-70.3632,22.8958,33.2805
-83.7646,18.6261,52.0209
-72.3924,26.8559,57.9603
-58.7799,27.2615,47.6355
-65.4644,16.5895,18.1449
-66.7569,16.1413,42.9883
-89.8833,24.4877,42.9825
-74.7260,14.2254,36.8739
-76.7752,15.1448,30.8697
-71.6784,18.3093,53.5938
-84.0120,17.7709,36.0865
-67.2727,19.7381,53.4902
-55.2946,20.0053,50.3000
-75.9970,19.3658,45.2486
-52.8891,14.3022,43.6594
-69.8444,16.2284,48.5244
-69.8866,20.5977,37.7782
-64.1233,15.3477,41.2785
-63.2211,26.9894,37.4977
-65.0172,19.5733,55.4399
-69.1083,28.4853,60.3261
-77.7859,18.3661,37.4950
-70.6465,10.9137,28.2632
-61.8416,21.7037,52.5348
-77.2374,14.7445,43.0643
-58.9373,20.3770,46.8299
-60.5778,21.8984,46.8197
-66.5808,19.0466,60.7339
-70.8349,16.3974,51.8160
-62.4266,17.6412,52.2398
-61.3877,3.2414,27.7532
-66.7959,15.3472,61.8643
-67.4075,19.4920,45.6177
-73.0390,16.7906,46.2183
-61.9766,12.2646,47.4079
-73.5969,20.4304,37.4821
-68.8493,14.6391,44.7971
-72.0824,11.6737,49.1827
-92.4949,18.1216,30.0941
-67.9439,18.3198,53.1696
-71.6169,18.9352,56.2060
-73.7186,19.8515,59.2626
-64.7048,29.9144,49.5906
-74.2371,25.3703,54.2234
-72.1850,22.7005,44.1758
-66.0154,20.1631,43.7009
-56.4898,22.2811,31.6948
-68.3327,18.5042,48.1302
-68.0806,21.8312,28.0160
-82.5433,27.0030,44.7336
-59.2952,22.6380,39.6690
-83.5082,22.5597,50.1730
-55.9906,18.9874,45.7613
-84.4645,16.9657,47.4594
-72.8064,15.6302,59.1775
-57.1786,14.6593,45.9892
-73.4280,27.4241,47.3745
-65.2217,15.3248,58.2750
-72.3916,29.3146,55.9246
-75.2077,22.6346,47.4342
-71.7704,23.7494,44.7453
-69.7750,16.8423,37.5559
-69.3871,20.8934,55.7587
-80.8366,20.5624,60.9388
-75.4243,14.7827,35.7342
-63.6683,13.6692,45.1950
-75.3535,17.1226,41.9370
-72.9965,18.1622,44.4604
-67.8484,17.7324,49.7061
-73.8368,17.7295,45.4186
-83.7298,15.8952,38.3201
-78.1824,18.8422,37.6676
-77.2897,25.0800,65.8246
-62.0485,21.4905,56.2398
-67.4865,18.6966,46.1151
-72.6869,8.9759,36.5863
-76.6321,22.4180,40.1898
-84.3980,19.8571,47.8668
-63.8456,21.8215,68.9059
-76.9392,26.5858,54.2102
-75.0830,19.3595,37.5387
-70.9913,17.7847,40.5513
-70.0419,14.8210,56.2454
-62.9751,16.5236,53.6269
-78.4112,11.0799,48.1489
-65.6276,16.3033,50.2619
-54.3161,35.0619,36.2706
-67.3868,13.8572,73.3149
-73.4867,24.3000,45.9446
-78.4565,18.9658,31.4637
-75.1196,18.6594,47.2495
-88.1738,19.6720,70.5300
-77.6139,21.6293,40.7685
-92.5777,15.0229,38.1652
-63.2241,19.8246,42.7969
-64.6142,20.6457,43.3506
-64.6543,13.1188,42.9376
-59.9734,9.2994,37.0935
-68.7495,21.1456,41.6367
-66.5606,15.5673,54.7945
-68.4424,29.0759,53.4660
-65.5873,27.0805,36.9677
-72.3458,11.2490,53.7049
-56.7667,17.5726,32.8285
-61.0013,16.3135,39.9558
-57.6840,18.2063,43.1355
-57.1052,22.9544,34.3597
-57.9576,11.2932,55.0749
-66.0785,17.3830,37.2110
-78.8992,28.6450,46.2443
-75.0450,22.8696,57.0461
-67.4492,23.4849,54.5401
-69.5300,21.5830,43.8462
-77.9388,13.6649,49.5062
-75.6672,19.8947,42.5228
-62.2377,21.3998,48.0647
-72.2921,19.3100,41.6010
-68.0032,11.3795,44.8025
-67.0595,21.9663,34.2251
-73.3689,18.0961,39.6003
-79.7349,14.5678,45.0909
-66.9161,20.7400,36.2852
-66.9201,19.0060,40.0447
-77.4023,17.4532,52.1698
-71.4718,19.3843,34.9897
-47.6766,8.6753,24.7209
-74.1987,20.9971,62.7353
-65.8898,21.5041,54.1964
-69.2394,10.2245,47.5484
-68.2616,30.8483,37.7904
-59.9410,13.1991,60.3278
-68.9393,24.1849,52.0381
-64.5775,20.4877,38.4402
-71.2775,16.1728,43.8730
-82.8709,20.8612,54.7728
-60.3847,26.5691,46.5248
-71.2332,18.7238,48.9236
-64.2631,21.6907,31.5458
-58.9756,22.3874,54.9069
-69.5846,18.6950,64.3755
-78.5587,11.5593,64.9580
-68.0768,17.8582,39.1496
-86.0486,29.3364,52.0563
-65.9201,24.1234,35.8533
-66.3328,25.4286,22.9508
-65.2323,23.7354,46.0148
-77.0845,19.1722,40.4181
-67.0973,17.3395,52.6442
-74.1467,17.4008,56.6853
-71.2859,22.6581,32.0259
-57.8330,12.7391,45.9693
-71.7964,16.1847,42.2561
-60.1190,28.6947,42.6336
-72.8597,10.6103,62.1512
-78.5286,15.4504,46.0481
-64.1276,27.6163,66.7461
-63.9693,17.5992,38.4320
-71.4280,24.0222,54.5489
-65.0646,10.5278,39.3383
-58.3465,17.3346,44.1966
-48.1856,19.6303,59.2343
-55.2903,23.7909,40.6509
-88.2402,15.7053,51.4331
-65.2643,25.8614,33.9414
-68.4044,9.7495,36.1719
-65.7656,9.0888,53.1671
-55.3549,12.8196,42.4113
-56.2522,22.5032,48.9734
-69.1399,13.1410,43.6316
-59.7067,20.4349,52.2169
-72.8940,15.6428,40.6878
-78.4243,13.1885,44.8010
-71.8302,15.2980,51.9607
-77.4527,22.1279,49.9838
-56.6723,21.7103,52.8959
-69.4023,12.9641,53.5572
-56.5649,19.3786,65.9378
-62.6091,30.0049,43.1881
-77.0774,20.2799,37.7376
-68.4124,18.7918,46.6451
-70.7204,15.1287,39.7059
-59.8470,19.6825,31.5917
-86.1344,18.3879,47.7880
-79.4417,11.0634,50.6082
-44.4471,24.3600,35.0339
-70.9412,19.4058,32.2822
-81.2332,19.2862,52.9016
-67.9770,16.5835,50.0942
-65.8299,15.0866,32.8217
-64.8386,25.6811,49.0541
-60.5662,27.3350,29.7165
-66.1710,26.5798,56.3358
-58.5822,17.0621,51.8173
-63.7898,17.0091,46.9068
-80.6537,15.7558,48.2757
-61.5887,19.9960,60.3410
-58.0854,15.0858,43.9862
-74.0276,24.1163,52.1815
-76.3497,24.6204,31.7934
-60.5772,7.8041,43.2088
-75.6634,23.3796,47.5255
-87.5322,13.2730,39.1285
-60.5298,28.1563,51.8201
-58.6164,16.2345,49.1661
-68.9841,14.6010,41.4961
-72.8548,22.2804,49.9539
-74.3875,17.3406,25.9937
-65.9575,19.4829,44.7101
-65.6336,17.5231,35.3617
-74.8164,18.2817,47.1764
-74.8467,17.7962,31.7041
-73.2607,11.2647,38.3923
-65.6803,20.8570,43.4381
-71.7965,24.5014,33.2157
-66.4621,16.4177,47.7824
-71.2167,17.2839,48.1231
-75.1697,13.9353,40.1698
-80.0376,20.7258,38.9210
-80.1110,21.8214,49.0181
-71.4763,18.5386,54.1330
-72.1693,21.2903,33.6501
-65.5393,19.2853,50.1824
-72.1850,16.2351,32.9799
-71.6504,17.7030,32.0280
-59.9928,25.1281,24.6537
-87.1118,12.4020,46.5654
-48.5623,14.0908,41.8276
-59.3367,17.5234,56.1588
-62.5269,19.8539,53.8206
-62.5127,12.9856,43.2541
-75.0330,20.1483,32.8629
-77.9717,20.2789,44.9269
-58.9153,21.0521,59.3235
-59.5171,25.6892,9.6517
-76.1839,22.3173,31.7682
-74.2231,23.3429,45.4754
-72.7910,28.6623,40.7789
-61.1094,19.7516,45.9916
-72.8683,15.7970,42.7839
-80.9254,23.0557,46.1307
-73.5207,23.9721,34.5777
-85.7409,22.1072,31.2256
-81.1624,20.8148,54.6631
-76.2286,15.5390,60.0626
-81.2999,24.2397,49.2985
-75.8059,19.3180,36.4004
-75.3289,19.2361,37.9309
-83.1806,23.5618,38.9568
-63.6272,19.2302,73.1279
-65.5353,13.2683,31.2784
-77.1710,17.8571,28.4741
-79.0081,20.0756,29.3695
-70.7997,21.1650,34.9512
-65.1683,20.4253,55.9334
-64.6823,18.9369,43.4247
-66.3055,21.8888,28.0720
-62.5877,17.1952,56.3403
-68.5669,16.7521,44.9978
-58.4762,16.2521,27.9042
-72.0455,26.2969,60.8816
-61.7381,9.3987,42.6287
-73.8246,19.1177,34.0506
-72.2002,14.0795,68.2010
-69.5206,17.4124,32.6048
-62.3369,22.9174,56.6198
-67.2270,17.6576,37.7209
-76.1149,17.9746,51.8530
-74.4129,21.4213,52.5294
-73.6326,24.8924,49.2028
-66.9348,19.8703,46.7342
-76.8833,15.8076,47.5026
-62.8450,18.8476,50.0214
-71.8470,16.0859,45.1250
-66.9259,16.5562,39.0601
-73.9613,20.9152,30.2499
-67.8055,21.3079,47.0536
-74.4975,21.3998,33.9671
-76.0897,23.9952,31.7137
-75.1562,17.1112,51.4959
-81.5207,17.0551,34.1463
-56.7512,18.6181,39.8065
-69.0903,24.3201,24.2704
-78.6474,21.0918,38.7018
-81.5393,16.4553,46.5661
-67.3945,29.8004,28.6081
-81.8486,13.9610,54.7292
-77.1675,12.4056,53.1236
-75.9207,25.5765,47.1467
-75.2948,24.4691,53.1588
-57.9844,17.9319,41.8148
-58.2232,25.5577,47.5717
-76.8001,14.7637,30.6897
-77.9261,18.9661,33.0819
-64.2346,7.1072,36.9876
-75.4415,23.0436,50.2267
-79.8460,21.1437,34.5559
-67.6685,13.9010,46.2808
-58.2516,30.2010,55.8671
-78.2526,17.4050,35.6680
-74.8814,11.2609,38.6966
-61.0577,31.1718,49.3468
-68.3741,23.3650,29.1945
-76.7660,24.0259,42.6695
-72.9446,24.2711,25.9325
-60.6621,15.9395,50.6334
-69.9948,23.6423,54.9234
-78.0956,24.1867,50.0646
-58.5965,17.3594,56.8757
-64.1707,17.7895,55.0114
-72.9786,24.5660,43.9965
-69.1351,20.3397,55.1399
-70.6938,22.9035,50.9966
-76.8739,24.6200,59.7293
-65.9137,22.0288,36.4820
-59.6855,12.3307,46.4413
-57.6012,16.5550,50.3954
-75.8105,23.2924,30.8495
-73.2980,16.8111,46.0154
-83.6097,27.5377,48.1007
-73.9107,27.4451,44.7620
-67.9480,21.4414,60.9082
-68.7399,14.6614,45.8942
-66.6413,19.8708,38.5036
-76.4656,11.5153,49.8114
-76.6760,16.7874,50.0952
-61.3663,14.8221,41.4871
-73.1516,22.5293,34.6000
-76.4180,22.1002,38.9675
-78.2287,19.9441,35.8367
-72.1881,26.4190,43.2332
-71.0966,17.6473,29.7877
-68.5815,25.0846,57.6260
-47.1726,18.5227,47.0175
-78.8001,29.2599,54.9155
-62.3140,22.9832,43.6731
-90.3030,26.2503,51.6774
-67.9388,15.8678,53.6752
-67.6105,21.0028,33.9308
-78.9759,19.5527,43.9387
-78.3204,28.6729,40.6138
-70.5232,21.3005,59.7213
-76.2011,19.0715,32.2548
-61.6090,22.1306,46.5850
-67.7249,29.0799,43.8993
-74.6710,17.1055,55.3097
-65.2949,22.4009,38.5156
-65.6281,23.0044,46.0605
-71.0541,22.3674,48.9953
-73.8392,18.4395,27.8480
-65.2203,19.4513,60.4954
-84.2747,20.8480,50.9299
-75.5888,22.4149,47.8319
-65.7639,18.8333,13.2323
-69.3529,20.4704,37.6882
-80.6024,22.6147,48.9644
-57.3659,15.9675,56.8552
-69.8631,17.5186,49.9922
-62.9880,17.3739,60.7041
-69.8495,13.8347,33.6133
-61.4243,17.2354,45.8904
-69.1524,19.4378,54.7937
-73.8552,14.4516,21.9859
-70.9478,18.6797,57.3826
-75.6328,25.1161,42.1096
-56.2345,15.1314,40.9885
-64.5710,25.9422,53.4394
-80.6810,25.4415,44.9070
-83.0250,17.2059,41.5162
-76.3937,26.5296,50.3688
-60.8849,15.5990,28.2993
-66.3827,20.1702,53.6323
-64.7188,20.7794,53.0118
-69.3866,21.0258,64.7846
-59.6825,14.7403,29.1803
-59.1417,17.8180,43.6835
-73.9051,21.6355,40.8610
-79.5228,11.0751,21.0809
-78.4336,26.1235,35.6231
-70.1881,25.6075,58.1388
-74.4561,23.5566,41.2449
-85.5074,24.7872,46.1013
-77.0165,21.0300,48.3365
-68.6679,15.1590,43.2532
-67.5556,23.7691,42.8410
-78.6658,22.1218,57.3697
-74.7644,22.5293,55.4827
-61.5332,26.7232,47.8335
-58.7383,26.7615,36.7258
-67.5198,21.1759,38.1547
-72.6336,9.9601,52.1037
-63.2088,25.7544,58.4868
-74.8395,19.2001,60.4361
-61.3627,16.3123,21.3960
-71.8308,14.6575,45.6265
-62.2330,12.7644,47.7482
-79.7261,32.4120,45.5159
-66.1986,14.7798,23.6724
-77.6708,15.2164,56.7262
-79.1805,24.1350,49.2148
-70.8924,7.5677,39.5034
-62.2341,22.6865,46.4958
-81.4952,20.6302,47.5370
-73.8890,22.1657,37.8971
-86.0621,16.7839,38.0969
-60.2480,23.5975,44.4944
-74.3742,22.7912,59.9414
-77.7365,16.8044,56.5076
-66.1533,17.8077,56.5527
-65.5872,15.2859,47.7466
-70.0575,28.2634,51.0740
-66.1319,20.6665,50.2096
-81.1132,12.7280,48.8934
-66.8022,17.9826,25.0191
-78.7023,22.6891,46.2690
-75.1309,15.3551,47.6648
-71.2068,19.2033,39.9565
-68.7980,21.4135,38.7366
-56.6985,17.0561,46.6631
-82.4125,15.0051,54.2046
-64.1888,21.0734,38.2746
-67.1709,15.0353,55.7004
-91.0315,18.0750,37.0276
-59.6410,19.0101,57.3738
-58.4348,22.2738,28.6202
-76.0308,17.5042,49.0050
-66.9629,13.3520,52.8458
-78.1176,18.2306,47.5741
-71.0382,27.8443,56.3936
-80.5523,14.3714,56.4978
-69.0937,23.1418,45.2508
-60.1556,23.8583,52.8646
-75.4137,23.0371,28.8979
-71.9261,16.8228,37.2329
-77.4943,9.9620,57.3841
-71.7023,19.1138,50.0123
-61.4786,26.6841,40.6840
-68.4962,15.4733,52.3279
-69.8316,24.5455,53.2730
-63.7464,22.6808,45.8703
-79.9415,21.6454,61.8343
-73.4712,16.6131,51.1805
-56.6056,14.7947,20.8413
-74.9186,20.4985,43.5720
-72.0824,17.4866,38.5313
-76.6175,21.7999,50.7248
-82.6826,27.9095,49.4151
-65.5682,18.5857,47.5481
-78.9888,27.9170,59.1490
-71.9163,13.4063,41.9416
-65.2697,18.0310,37.0436
-68.7131,15.6309,58.3525
-62.4359,23.3190,37.9212
-68.3453,25.5469,24.0688
-68.3542,27.0311,63.1151
-77.6045,21.3811,55.4432
-60.3533,10.8017,24.9042
-68.7657,22.4916,43.7543
-72.6229,26.3901,59.7751
-74.7375,20.7885,33.4312
-56.1161,12.9788,34.2991
-77.1185,14.7576,57.7756
-51.4268,21.3034,41.6395
-64.2260,15.4649,58.3776
-70.2916,22.1028,38.0874
-71.6354,11.9019,45.1872
-62.8780,10.7423,34.9017
-73.8092,18.4517,44.0973
-70.3606,21.4187,44.6449
-83.4554,21.5685,57.0342
-67.9355,11.1327,47.3232
-66.1972,15.0537,45.7619
-59.7885,28.0869,46.2650
-65.9404,19.1744,40.9015
-58.9200,24.8123,51.1700
-74.2124,27.3363,55.4047
-80.3334,25.4429,46.6831
-67.7722,9.9147,30.3685
-62.0838,16.1651,53.1245
-80.6173,12.6238,64.1075
-62.7248,19.3582,47.2371
-75.6688,21.7800,56.7943
-73.3238,22.4282,28.0778
-55.5878,25.0229,44.7000
-72.6754,27.0550,39.9523
-67.0420,18.4306,35.7727
-61.6893,17.9389,49.6419
-72.7786,19.3277,43.2895
-75.2389,23.6666,44.1321
-63.0981,23.7341,57.2228
-73.9322,23.3185,43.2560
-70.1790,16.4278,40.2555
-64.9588,18.2900,37.7053
-63.2136,21.7841,32.8148
-69.1543,25.6411,55.9620
-74.2973,14.4464,41.3444
-59.2474,23.7187,22.0631
-63.1300,8.9108,64.3257
-63.2371,18.0271,46.0695
-64.7119,17.5329,49.6353
-71.0364,18.7460,60.2502
-86.3101,20.2352,31.0692
-71.4568,16.4595,70.4628
-74.1138,19.3151,38.8158
-62.8848,17.4493,38.4501
-55.0369,23.9047,47.6897
-50.7009,16.8350,36.8740
-76.3479,26.0158,38.8118
-60.4780,16.8529,26.8534
-76.4130,21.4357,56.9231
-59.5893,21.8321,51.8408
-91.1554,21.3133,45.3854
-72.4718,16.6705,53.7973
-60.8859,29.8229,43.0524
-76.3684,29.4262,41.7958
-74.1648,13.0640,49.2012
-65.1544,24.2180,47.2312
-65.6470,22.7715,50.1439
-60.5725,24.2624,46.8880
-74.2978,24.0148,39.2286
-71.1814,16.4189,66.3293
-77.7694,23.3196,51.7629
-62.9902,19.8019,45.8389
-71.5746,6.4098,37.3576
-59.0878,15.9187,46.3501
-48.8993,15.1591,39.9537
-72.0165,10.0077,36.3173
-81.4292,22.7195,42.5290
-87.0601,24.0507,54.7209
-72.8936,24.7336,50.8737
-77.3150,21.4062,46.8470
-76.6811,14.8669,49.0791
-51.5463,19.8136,47.1029
-78.4356,18.7022,42.9767
-73.0138,16.7209,44.5134
-74.5037,26.2073,65.4989
-76.0907,18.1820,49.3359
-65.3353,16.1826,39.2916
-65.3071,11.8084,67.1506
-67.5884,18.4795,43.4966
-78.5871,29.0125,44.1610
-73.4807,28.7851,55.3194
-71.5555,22.1812,41.6784
-72.8977,18.8952,47.9743
-61.2409,29.8877,23.2742
-51.4213,25.1218,45.1653
-73.4404,10.6596,56.9442
-78.7567,23.2593,40.8527
-83.0058,22.0921,49.8635
-77.4864,24.2970,63.0541
-66.0748,22.1570,37.6620
-78.3149,17.9695,45.6900
-69.9060,19.0055,69.9174
-65.4309,15.1185,32.9942
-83.9085,14.9523,50.7872
-72.2819,16.5357,50.8963
-65.6063,21.8570,44.8677
-70.2940,13.4070,26.5478
-76.4514,16.0566,36.8106
-71.3857,17.6298,31.9540
-70.8231,21.6800,40.0746
-63.4474,21.5773,48.8945
-72.9883,22.0674,51.8249
